<?xml version="1.0" encoding="UTF-8"?>

<beans xmlns="http://www.springframework.org/schema/beans"
	xmlns:context="http://www.springframework.org/schema/context" xmlns:p="http://www.springframework.org/schema/p"
	xmlns:tx="http://www.springframework.org/schema/tx" xmlns:xsi="http://www.w3.org/2001/XMLSchema-instance"
	xsi:schemaLocation="http://www.springframework.org/schema/beans 
       					   http://www.springframework.org/schema/beans/spring-beans-3.0.xsd
       					   http://www.springframework.org/schema/context 
						   http://www.springframework.org/schema/context/spring-context-3.0.xsd
            			   http://www.springframework.org/schema/tx
           				   http://www.springframework.org/schema/tx/spring-tx-3.0.xsd">

	<!--
		Instructs Spring to perform declarative transaction management on
		annotated classes
	-->
	<tx:annotation-driven />

	<bean id="dmDataSource"
		class="org.springframework.jdbc.datasource.DriverManagerDataSource"
		p:driverClassName="${jdbc.driverClassName}" p:url="${jdbc.url}"
		p:username="${jdbc.username}" p:password="${jdbc.password}" />

	<bean id="hibernateProperties"
		class="org.springframework.beans.factory.config.PropertiesFactoryBean">
		<property name="properties">
			<props>
				<prop key="hibernate.dialect">${hibernate.dialect}</prop>
				<prop key="hibernate.hbm2ddl.auto">${hibernate.hbm2ddl.auto}</prop>
				<prop key="hibernate.show_sql">${hibernate.show_sql}</prop>
			</props>
		</property>
	</bean>

	<!-- Hibernate SessionFactory -->
	<bean id="sessionFactory"
		class="org.springframework.orm.hibernate3.annotation.AnnotationSessionFactoryBean"
		p:dataSource-ref="dmDataSource" p:hibernateProperties-ref="hibernateProperties"
		p:packagesToScan="com.denimgroup.threadfix.data.entities">
		<property name="eventListeners">
			<map>
				<entry key="merge">
					<bean
						class="org.springframework.orm.hibernate3.support.IdTransferringMergeEventListener" />
				</entry>
			</map>
		</property>
	</bean>

	<bean id="transactionManager"
		class="org.springframework.orm.hibernate3.HibernateTransactionManager"
		p:sessionFactory-ref="sessionFactory" />

	<bean
		class="org.springframework.dao.annotation.PersistenceExceptionTranslationPostProcessor" />
</beans>
